Location,Hospital Name,Speciality,Doctor
West Palm Beach,JFK Medical Center North Campus,Pulmology,Max Gonzales
West Palm Beach,JFK Medical Center North Campus,Cardiology,Hattie Marsh
West Palm Beach,JFK Medical Center North Campus,Endocrinology,Renee Snyder
West Palm Beach,Good Samaritan Medical Center,Pulmology,Sophie Mitchell
West Palm Beach,Good Samaritan Medical Center,Cardiology,Randy Swanson
West Palm Beach,Good Samaritan Medical Center,Endocrinology,Ray Underwood
West Palm Beach,St. Mary's Medical Center,Pulmology,Julia Townsend
West Palm Beach,St. Mary's Medical Center,Cardiology,Ida Perry
West Palm Beach,St. Mary's Medical Center,Endocrinology,Lucille Porter
St. Petersburg,Bayfront Health St. Petersburg,Pulmology,Wm Bush
St. Petersburg,Bayfront Health St. Petersburg,Cardiology,Luz Ryan
St. Petersburg,Bayfront Health St. Petersburg,Endocrinology,Ollie Taylor
St. Petersburg,Edward White Hospital,Pulmology,Henry Stevens
St. Petersburg,Edward White Hospital,Cardiology,Janice Aguilar
St. Petersburg,Edward White Hospital,Endocrinology,Mable Woods
St. Petersburg,Northside Hospital,Pulmology,Lana Bass
St. Petersburg,Northside Hospital,Cardiology,Stuart Rivera
St. Petersburg,Northside Hospital,Endocrinology,Leona Bryant
Orlando,Dr. P. Phillips Hospital,Pulmology,Eric Maxwell
Orlando,Dr. P. Phillips Hospital,Cardiology,Amos Greene
Orlando,Dr. P. Phillips Hospital,Endocrinology,Samuel Ruiz
Orlando,Florida Hospital East Orlando,Pulmology,Josefina Thomas
Orlando,Florida Hospital East Orlando,Cardiology,Ricky Wade
Orlando,Florida Hospital East Orlando,Endocrinology,Donnie Phelps
Orlando,Orlando Regional Medical Center,Pulmology,Jonathon Cunningham
Orlando,Orlando Regional Medical Center,Cardiology,Vivian Garner
Orlando,Orlando Regional Medical Center,Endocrinology,Dianne Horton